rcc	statistic	p-value	archivo	wilcox_bool	holmsidak_p	holmsidak_bool	bonfer_p	bonfer_bool	fdrbh_p	fdrbh_bool
1	38175675.0	6.722145519906198e-66	7NoLat_UnionPairs	1	0.0	True	2.0771429656510153e-63	True	2.925553472747909e-65	True
2	40776175.0	4.728947265361311e-52	7NoLat_UnionPairs	1	0.0	True	1.461244704996645e-49	True	1.4050429855736973e-51	True
3	59177458.5	0.07775953650812555	7NoLat_UnionPairs	0	0.7851975214942574	False	1.0	False	0.08256940474574155	False
4	54862850.0	8.877395617906587e-09	7NoLat_UnionPairs	1	6.924366198202137e-07	True	2.7431152459331353e-06	True	1.1823772611780757e-08	True
5	35172074.5	2.073315941369383e-83	7NoLat_UnionPairs	1	0.0	True	6.406546258831394e-81	True	1.5253681568646175e-82	True
6	44247308.0	2.1023865320742098e-36	7NoLat_UnionPairs	1	0.0	True	6.496374384109308e-34	True	4.6402674172209345e-36	True
7	38055745.5	3.451846482192668e-66	7NoLat_UnionPairs	1	0.0	True	1.0666205629975343e-63	True	1.523743661425049e-65	True
8	54083736.5	9.141730490808546e-08	7NoLat_UnionPairs	1	6.4906078839355175e-06	True	2.8247947216598406e-05	True	1.1819224776819418e-07	True
9	60759504.0	6.548834140521189e-11	7NoLat_UnionPairs	1	5.566513361365821e-09	True	2.0235897494210472e-08	True	8.9937322196491e-11	True
10	57969893.0	0.00011140192685135596	7NoLat_UnionPairs	1	0.005222497321634267	True	0.03442319539706899	True	0.0001308866745135703	True
11	44689248.0	5.145905749931909e-36	7NoLat_UnionPairs	1	0.0	True	1.59008487672896e-33	True	1.1277197707297587e-35	True
12	50996213.5	1.537075131903689e-14	7NoLat_UnionPairs	1	1.4861445407632345e-12	True	4.749562157582399e-12	True	2.2298413885363376e-14	True
13	38150248.5	2.5158533547731225e-67	7NoLat_UnionPairs	1	0.0	True	7.773986866248948e-65	True	1.1602965472013356e-66	True
14	40037625.5	1.2068821114123525e-55	7NoLat_UnionPairs	1	0.0	True	3.7292657242641695e-53	True	3.88465179610851e-55	True
15	45778831.5	2.220251505229569e-30	7NoLat_UnionPairs	1	0.0	True	6.860577151159369e-28	True	4.3697943637957766e-30	True
17	61080764.0	0.41415941623179503	7NoLat_UnionPairs	0	0.9873241727118018	False	1.0	False	0.41712128521604064	False
18	60886312.0	0.06649849460248589	7NoLat_UnionPairs	0	0.7474772833226397	False	1.0	False	0.07085529252471773	False
19	60208416.0	0.0008210247967309544	7NoLat_UnionPairs	1	0.03152549322850129	True	0.2536966621898649	False	0.0009361500449810513	True
20	59809592.0	0.0009647951007328824	7NoLat_UnionPairs	1	0.035084407285654096	True	0.29812168612646067	False	0.0010920208283020537	True
21	55485388.0	3.938764412784548e-09	7NoLat_UnionPairs	1	3.1510110498622623e-07	True	1.2170782035504253e-06	True	5.291644363262718e-09	True
22	51701591.0	1.4905858831548782e-20	7NoLat_UnionPairs	1	0.0	True	4.6059103789485736e-18	True	2.349954274973762e-20	True
23	57835628.0	6.585716422577582e-07	7NoLat_UnionPairs	1	4.0830621670373546e-05	True	0.0002034986374576473	True	8.205590220066424e-07	True
24	54979372.5	1.4210646153508087e-07	7NoLat_UnionPairs	1	9.805298467058243e-06	True	4.391089661433999e-05	True	1.8220289051593357e-07	True
25	52398091.0	4.5901994090261884e-12	7NoLat_UnionPairs	1	4.0852932148283116e-10	True	1.4183716173890922e-09	True	6.417971119407656e-12	True
26	47314473.0	1.2504567033856579e-25	7NoLat_UnionPairs	1	0.0	True	3.863911213461683e-23	True	2.158609616459041e-25	True
27	35129055.5	5.215277722143421e-84	7NoLat_UnionPairs	1	0.0	True	1.6115208161423172e-81	True	4.0288020403557934e-83	True
28	42515108.5	7.337280185722192e-44	7NoLat_UnionPairs	1	0.0	True	2.2672195773881576e-41	True	1.873735187924097e-43	True
29	57076710.0	0.0014198360604383235	7NoLat_UnionPairs	1	0.048513303923800044	True	0.43872934267544195	False	0.001595379427910698	True
30	55918503.0	1.1510041485349128e-06	7NoLat_UnionPairs	1	6.905790405031809e-05	True	0.00035566028189728806	True	1.4226411275891522e-06	True
31	34752765.0	4.573493964077535e-86	7NoLat_UnionPairs	1	0.0	True	1.4132096348999584e-83	True	3.7189727234209433e-85	True
32	44968633.0	1.6197538655576844e-33	7NoLat_UnionPairs	1	0.0	True	5.005039444573245e-31	True	3.381783408495436e-33	True
33	40013496.0	9.263113551886659e-56	7NoLat_UnionPairs	1	0.0	True	2.862302087532978e-53	True	3.0450022207797636e-55	True
34	54545699.5	5.526021814498593e-07	7NoLat_UnionPairs	1	3.481334105259748e-05	True	0.00017075407406800651	True	6.913120407611599e-07	True
35	60932244.0	0.0005205832490569536	7NoLat_UnionPairs	1	0.021123184058926103	True	0.16086022395859867	False	0.0005979933976156084	True
36	57703354.5	3.1337906208928605e-05	7NoLat_UnionPairs	1	0.0015969817252540208	True	0.00968341301855894	True	3.7387695052351116e-05	True
37	39337872.0	5.8117705129136105e-62	7NoLat_UnionPairs	1	0.0	True	1.7958370884903057e-59	True	2.302355241654238e-61	True
38	47732447.0	4.502858587854853e-24	7NoLat_UnionPairs	1	0.0	True	1.3913833036471496e-21	True	7.520990830525133e-24	True
39	39604551.0	1.9165470651588182e-59	7NoLat_UnionPairs	1	0.0	True	5.922130431340748e-57	True	7.135096905229818e-59	True
40	40795367.5	7.36862957238706e-52	7NoLat_UnionPairs	1	0.0	True	2.2769065378676015e-49	True	2.1684824170167632e-51	True
41	42854099.5	2.930111134211676e-42	7NoLat_UnionPairs	1	0.0	True	9.05404340471408e-40	True	7.361010898141528e-42	True
43	61082840.0	0.4390726257361722	7NoLat_UnionPairs	0	0.9873241727118018	False	1.0	False	0.44049818620934156	False
44	60879392.0	0.06320361394114557	7NoLat_UnionPairs	0	0.7461662651740155	False	1.0	False	0.06757756646302415	False
45	60510410.0	0.021556035894845768	7NoLat_UnionPairs	1	0.43254043543214526	False	1.0	False	0.023453574265870924	True
46	58934335.5	4.147959056738829e-07	7NoLat_UnionPairs	1	2.7790945265171452e-05	True	0.00012817193485322982	True	5.274565220297523e-07	True
47	52978669.5	2.164132888351291e-17	7NoLat_UnionPairs	1	0.0	True	6.687170625005489e-15	True	3.26203445122219e-17	True
48	52260531.0	9.818724127778976e-19	7NoLat_UnionPairs	1	0.0	True	3.0339857554837037e-16	True	1.5169928777418518e-18	True
49	58803570.0	0.000341127826062203	7NoLat_UnionPairs	1	0.01422762988304449	True	0.10540849825322073	False	0.00039331529198962956	True
50	49991391.0	4.4296114365898084e-21	7NoLat_UnionPairs	1	0.0	True	1.3687499339062508e-18	True	7.091968569462438e-21	True
51	49959590.5	1.0336018358979892e-18	7NoLat_UnionPairs	1	0.0	True	3.193829672924787e-16	True	1.5889699865297445e-18	True
52	46062649.5	3.5653892129761365e-30	7NoLat_UnionPairs	1	0.0	True	1.1017052668096263e-27	True	6.885657917560164e-30	True
1	42267121.0	5.880955956431516e-45	7YesLat_UnionPairs	1	0.0	True	1.8172153905373384e-42	True	1.5400130428282528e-44	True
2	51106422.0	2.1521145769568812e-14	7YesLat_UnionPairs	1	2.0676793610618915e-12	True	6.650034042796763e-12	True	3.105171316938925e-14	True
3	51600506.5	3.864105050044638e-13	7YesLat_UnionPairs	1	3.5931257968968566e-11	True	1.1940084604637933e-10	True	5.502343135777849e-13	True
4	32617307.5	4.943272450255326e-100	7YesLat_UnionPairs	1	0.0	True	1.5274711871288958e-97	True	8.985124630169975e-99	True
5	43421053.0	8.386775487991035e-40	7YesLat_UnionPairs	1	0.0	True	2.59151362578923e-37	True	2.0246200201478355e-39	True
6	58070897.5	0.01003350899934758	7YesLat_UnionPairs	1	0.2459956556188012	False	1.0	False	0.01099416411630639	True
7	47477696.0	1.9697683555569992e-24	7YesLat_UnionPairs	1	0.0	True	6.086584218671128e-22	True	3.326002305284769e-24	True
8	51441237.0	2.1567084283164654e-13	7YesLat_UnionPairs	1	2.0277335366358784e-11	True	6.664229043497879e-11	True	3.08529122384161e-13	True
9	34826995.0	5.3110998181937735e-87	7YesLat_UnionPairs	1	0.0	True	1.641129843821876e-84	True	4.435486064383449e-86	True
10	32927287.0	6.823899180144587e-98	7YesLat_UnionPairs	1	0.0	True	2.1085848466646775e-95	True	1.004088022221275e-96	True
11	33338414.5	4.237494148375145e-95	7YesLat_UnionPairs	1	0.0	True	1.3093856918479198e-92	True	5.455773716033e-94	True
12	45626631.5	5.3985091044522e-31	7YesLat_UnionPairs	1	0.0	True	1.6681393132757297e-28	True	1.0693200726126472e-30	True
13	36962873.0	1.9463918530396396e-72	7YesLat_UnionPairs	1	0.0	True	6.014350825892486e-70	True	9.700565848213687e-72	True
14	42665950.5	4.23059556751664e-43	7YesLat_UnionPairs	1	0.0	True	1.3072540303626417e-40	True	1.0715196970185588e-42	True
15	55985191.5	7.21211427432362e-05	7YesLat_UnionPairs	1	0.00352782598412571	True	0.022285433107659985	True	8.53848011787739e-05	True
16	57230020.0	1.0357259174996172e-07	7YesLat_UnionPairs	1	7.25005551449609e-06	True	3.200393085073817e-05	True	1.3334971187807572e-07	True
17	38846592.0	1.7726653642780295e-64	7YesLat_UnionPairs	1	0.0	True	5.477535975619111e-62	True	7.503473939204262e-64	True
18	30410267.0	5.922859261135756e-116	7YesLat_UnionPairs	1	0.0	True	1.8301635116909487e-113	True	3.660327023381897e-114	True
19	34037893.5	1.0078012668323167e-90	7YesLat_UnionPairs	1	0.0	True	3.1141059145118584e-88	True	1.0380353048372863e-89	True
20	34304335.5	5.644181236437831e-89	7YesLat_UnionPairs	1	0.0	True	1.7440520020592898e-86	True	4.9830057201693994e-88	True
21	33142707.5	2.01060561718837e-96	7YesLat_UnionPairs	1	0.0	True	6.212771357112063e-94	True	2.823986980505483e-95	True
22	39744492.5	2.6263495996309037e-57	7YesLat_UnionPairs	1	0.0	True	8.115420262859493e-55	True	8.821108981369013e-57	True
23	38607766.5	5.696919464149704e-65	7YesLat_UnionPairs	1	0.0	True	1.7603481144222584e-62	True	2.444927936697581e-64	True
24	45141798.0	6.435616544087384e-33	7YesLat_UnionPairs	1	0.0	True	1.9886055121230014e-30	True	1.308293100080922e-32	True
25	42313669.5	1.039010737965819e-44	7YesLat_UnionPairs	1	0.0	True	3.2105431803143807e-42	True	2.697935445642337e-44	True
26	45263762.0	2.517970864125791e-32	7YesLat_UnionPairs	1	0.0	True	7.780529970148694e-30	True	5.052292188408243e-32	True
27	45256181.5	2.1144250804026624e-32	7YesLat_UnionPairs	1	0.0	True	6.533573498444227e-30	True	4.270309476107338e-32	True
28	54581440.5	4.264098208255545e-07	7YesLat_UnionPairs	1	2.814265816009076e-05	True	0.00013176063463509635	True	5.400026009635096e-07	True
29	47107513.0	2.4231902771679096e-26	7YesLat_UnionPairs	1	0.0	True	7.48765795644884e-24	True	4.278661689399337e-26	True
30	35509020.0	3.595587480861926e-81	7YesLat_UnionPairs	1	0.0	True	1.111036531586335e-78	True	2.363907514013479e-80	True
31	43258825.5	1.683189455304287e-40	7YesLat_UnionPairs	1	0.0	True	5.201055416890247e-38	True	4.095319225897832e-40	True
32	55637428.5	1.3011404895036156e-05	7YesLat_UnionPairs	1	0.0007153759214729716	True	0.004020524112566172	True	1.5766761225749696e-05	True
33	47883315.5	4.1344865254594566e-23	7YesLat_UnionPairs	1	0.0	True	1.2775563363669721e-20	True	6.723980717720906e-23	True
34	53746121.0	1.7514909579835252e-08	7YesLat_UnionPairs	1	1.2961024843383129e-06	True	5.412107060169093e-06	True	2.29326570346148e-08	True
35	37425274.0	4.1136890112279475e-71	7YesLat_UnionPairs	1	0.0	True	1.2711299044694358e-68	True	1.9555844684145165e-70	True
36	32874854.0	2.9846192411645715e-98	7YesLat_UnionPairs	1	0.0	True	9.222473455198525e-96	True	4.6112367275992634e-97	True
37	34418094.5	5.186309391475605e-88	7YesLat_UnionPairs	1	0.0	True	1.602569601965962e-85	True	4.451582227683227e-87	True
38	44196970.5	1.310859154155748e-36	7YesLat_UnionPairs	1	0.0	True	4.050554786341261e-34	True	2.9351846277835223e-36	True
39	36849577.0	4.223114716890526e-73	7YesLat_UnionPairs	1	0.0	True	1.3049424475191725e-70	True	2.174904079198621e-72	True
40	43865540.0	6.319844906913362e-38	7YesLat_UnionPairs	1	0.0	True	1.952832076236229e-35	True	1.4794182395729008e-37	True
41	51521260.0	5.086937236487621e-13	7YesLat_UnionPairs	1	4.68007854692587e-11	True	1.5718636060746748e-10	True	7.210383514104013e-13	True
42	57230824.5	8.116956543131856e-08	7YesLat_UnionPairs	1	5.844191868775717e-06	True	2.5081395718277437e-05	True	1.0538401562301444e-07	True
43	36379272.0	3.68286188573319e-79	7YesLat_UnionPairs	1	0.0	True	1.1380043226915557e-76	True	2.2760086453831116e-78	True
44	29444123.5	3.133014948568392e-123	7YesLat_UnionPairs	1	0.0	True	9.681016191076332e-121	True	4.840508095538166e-121	True
45	32753190.5	2.3492304583976565e-99	7YesLat_UnionPairs	1	0.0	True	7.259122116448759e-97	True	3.82059058760461e-98	True
46	31338962.5	2.9668189921770684e-109	7YesLat_UnionPairs	1	0.0	True	9.167470685827141e-107	True	1.1459338357283927e-107	True
47	31105028.0	1.1637255950104556e-110	7YesLat_UnionPairs	1	0.0	True	3.5959120885823075e-108	True	5.137017269403297e-109	True
48	39236626.0	5.657151557710021e-60	7YesLat_UnionPairs	1	0.0	True	1.7480598313323966e-57	True	2.131780282112679e-59	True
49	40389777.5	1.9116222706528783e-55	7YesLat_UnionPairs	1	0.0	True	5.906912816317394e-53	True	6.089600841564324e-55	True
50	46308057.5	1.469804526345138e-28	7YesLat_UnionPairs	1	0.0	True	4.541695986406477e-26	True	2.769326820979559e-28	True
51	44738755.5	2.1400952728701896e-34	7YesLat_UnionPairs	1	0.0	True	6.612894393168885e-32	True	4.529379721348552e-34	True
52	41676745.0	1.2714222164488364e-47	7YesLat_UnionPairs	1	0.0	True	3.928694648826905e-45	True	3.4162562163712213e-47	True
1	36837057.5	2.843187390145108e-73	7NoLat_SumPairs	1	0.0	True	8.785449035548384e-71	True	1.4890591585675226e-72	True
2	41378917.5	4.684612101819991e-49	7NoLat_SumPairs	1	0.0	True	1.4475451394623772e-46	True	1.2697764381248922e-48	True
3	60380639.5	0.3000263980037584	7NoLat_SumPairs	0	0.986164975197447	False	1.0	False	0.3111011979300716	False
4	58964547.0	0.03460708238918772	7NoLat_SumPairs	1	0.570563849261531	False	1.0	False	0.03739016943447205	True
5	35463837.0	1.8614756139853683e-81	7NoLat_SumPairs	1	0.0	True	5.751959647214788e-79	True	1.2504260102640842e-80	True
6	45035648.5	3.1932981323029304e-33	7NoLat_SumPairs	1	0.0	True	9.867291228816055e-31	True	6.534629952858315e-33	True
7	38479463.5	7.535159103524148e-64	7NoLat_SumPairs	1	0.0	True	2.3283641629889617e-61	True	3.1044855506519485e-63	True
8	56301118.0	0.0001839717601899557	7NoLat_SumPairs	1	0.007880299805398505	True	0.05684727389869631	False	0.00021291113819736448	True
9	60590025.0	1.6554410644468197e-18	7NoLat_SumPairs	1	0.0	True	5.115312889140673e-16	True	2.5323331134359765e-18	True
10	60477090.0	0.25409614366080296	7NoLat_SumPairs	0	0.977875315715479	False	1.0	False	0.2643626545157849	False
11	44399957.0	2.0772306972638704e-36	7NoLat_SumPairs	1	0.0	True	6.41864285454536e-34	True	4.617728672334791e-36	True
12	51683754.0	1.0324936367015834e-12	7NoLat_SumPairs	1	9.3958174574027e-11	True	3.190405337407893e-10	True	1.4568060901405902e-12	True
13	39558054.5	1.0184081289403134e-58	7NoLat_SumPairs	1	0.0	True	3.146881118425568e-56	True	3.576001270938146e-58	True
14	40975790.5	5.721665656224017e-51	7NoLat_SumPairs	1	0.0	True	1.7679946877732214e-48	True	1.6370321183085383e-50	True
15	44979310.5	2.010957773123545e-33	7NoLat_SumPairs	1	0.0	True	6.213859518951755e-31	True	4.170375516075003e-33	True
17	61079380.0	0.4011325667565304	7NoLat_SumPairs	0	0.9873241727118018	False	1.0	False	0.40773014186765755	False
18	60824032.0	0.04246320424718545	7NoLat_SumPairs	1	0.6313825828395718	False	1.0	False	0.045718223388084685	True
19	60196448.0	0.003065858214489665	7NoLat_SumPairs	1	0.09358512900458871	False	0.9473501882773065	False	0.0034077344902061386	True
20	59050147.0	1.4463655393275816e-05	7NoLat_SumPairs	1	0.0007662855327943419	True	0.004469269516522227	True	1.7390153760786877e-05	True
21	55984864.5	5.280829780230156e-07	7NoLat_SumPairs	1	3.379674839376623e-05	True	0.00016317764020911183	True	6.633237406874464e-07	True
22	52240492.5	3.8277219805181565e-16	7NoLat_SumPairs	1	3.430589146091734e-14	True	1.1827660919801103e-13	True	5.713845854976378e-16	True
23	59130547.5	0.004887289826282165	7NoLat_SumPairs	1	0.14090641987110497	False	1.0	False	0.0054128048613662685	True
24	55960084.0	1.7199966775115362e-05	7NoLat_SumPairs	1	0.0008940061024096391	True	0.005314789733510647	True	2.059996020740561e-05	True
25	53494921.0	3.200877710826962e-09	7NoLat_SumPairs	1	2.59271058400401e-07	True	9.890712126455312e-07	True	4.319088264827647e-09	True
26	48833819.5	2.140533330836943e-20	7NoLat_SumPairs	1	0.0	True	6.614247992286154e-18	True	3.357486290500586e-20	True
1	45982913.0	1.2250843550049003e-29	7YesLat_SumPairs	1	0.0	True	3.785510656965142e-27	True	2.3367349734352728e-29	True
2	56237323.5	0.00014261496466874292	7YesLat_SumPairs	1	0.006436250909640062	True	0.044068024082641565	True	0.0001656692634685773	True
3	41262390.5	4.2461325553055793e-50	7YesLat_SumPairs	1	0.0	True	1.312054959589424e-47	True	1.171477642490557e-49	True
4	33748604.0	2.2388715910077636e-92	7YesLat_SumPairs	1	0.0	True	6.91811321621399e-90	True	2.4707547200764245e-91	True
5	44542389.0	3.748848759490075e-35	7YesLat_SumPairs	1	0.0	True	1.1583942666824331e-32	True	8.044404629739119e-35	True
6	60470877.5	0.32146720753573793	7YesLat_SumPairs	0	0.986164975197447	False	1.0	False	0.3314169625947805	False
7	48814732.5	3.2626574002964194e-20	7YesLat_SumPairs	1	0.0	True	1.0081611366915936e-17	True	5.0917229125838057e-20	True
8	46750794.0	4.967305054252511e-27	7YesLat_SumPairs	1	0.0	True	1.5348972617640257e-24	True	9.08223231813033e-27	True
9	35473110.0	6.700873423078256e-82	7YesLat_SumPairs	1	0.0	True	2.0705698877311812e-79	True	4.705840653934503e-81	True
10	32290181.5	3.026819268741701e-102	7YesLat_SumPairs	1	0.0	True	9.352871540411856e-100	True	7.194516569547581e-101	True
11	33353674.5	5.465581973618913e-95	7YesLat_SumPairs	1	0.0	True	1.688864829848244e-92	True	6.495633960954785e-94	True
12	45529365.5	2.516111476042788e-31	7YesLat_SumPairs	1	0.0	True	7.774784460972215e-29	True	5.015989974820783e-31	True
13	37030381.0	5.079551257273277e-72	7YesLat_SumPairs	1	0.0	True	1.5695813384974427e-69	True	2.4913989499959406e-71	True
14	44085395.0	5.2196708192632604e-37	7YesLat_SumPairs	1	0.0	True	1.6128782831523475e-34	True	1.1859399140826084e-36	True
15	50596331.5	2.843460092828102e-15	7YesLat_SumPairs	1	2.915445662665661e-13	True	8.786291686838835e-13	True	4.203967314276955e-15	True
16	57563058.0	1.2388297699074018e-05	7YesLat_SumPairs	1	0.0006935083801674624	True	0.0038279839890138713	True	1.5070803106353824e-05	True
17	36840865.5	2.0762884086379187e-74	7YesLat_SumPairs	1	0.0	True	6.415731182691168e-72	True	1.1255668741563453e-73	True
18	29242962.0	1.386220502802477e-124	7YesLat_SumPairs	1	0.0	True	4.2834213536596535e-122	True	4.2834213536596535e-122	True
19	33553940.0	9.966498119987325e-94	7YesLat_SumPairs	1	0.0	True	3.0796479190760835e-91	True	1.1406103403985493e-92	True
20	32449946.0	3.3102763313698395e-101	7YesLat_SumPairs	1	0.0	True	1.0228753863932804e-98	True	6.81916924262187e-100	True
21	31367841.0	9.451189168657142e-109	7YesLat_SumPairs	1	0.0	True	2.920417453115057e-106	True	3.244908281238952e-107	True
22	40035337.5	1.0785363820170222e-55	7YesLat_SumPairs	1	0.0	True	3.3326774204325985e-53	True	3.508081495192209e-55	True
23	39199661.0	1.3478543065947488e-60	7YesLat_SumPairs	1	0.0	True	4.164869807377774e-58	True	5.141814577009598e-60	True
24	46941046.0	2.948448239594778e-26	7YesLat_SumPairs	1	0.0	True	9.110705060347864e-24	True	5.1472909945468165e-26	True
25	43878989.5	7.157072080885027e-38	7YesLat_SumPairs	1	0.0	True	2.2115352729934736e-35	True	1.6628084759349425e-37	True
26	44003402.0	2.399274842045545e-37	7YesLat_SumPairs	1	0.0	True	7.413759261920734e-35	True	5.491673527348692e-37	True
1	60799638.0	0.41442147107224747	8YesLat_UnionPairs	0	0.9873241727118018	False	1.0	False	0.41712128521604064	False
2	59155100.5	0.04473387900343127	8YesLat_UnionPairs	1	0.6346271591570095	False	1.0	False	0.04799572434743147	True
3	51048559.5	2.14762339036311e-21	8YesLat_UnionPairs	1	0.0	True	6.63615627622201e-19	True	3.45633139386563e-21	True
4	40650655.0	1.265421899283547e-52	8YesLat_UnionPairs	1	0.0	True	3.91015366878616e-50	True	3.833483989006039e-52	True
5	47754867.5	1.528942244101423e-23	8YesLat_UnionPairs	1	0.0	True	4.724431534273397e-21	True	2.5129954969539347e-23	True
6	50145538.0	9.816396681453426e-25	8YesLat_UnionPairs	1	0.0	True	3.033266574569109e-22	True	1.666629986026983e-24	True
7	58077940.0	0.01197250618125443	8YesLat_UnionPairs	1	0.27762317248816304	False	1.0	False	0.013072453745609962	True
8	41976557.5	3.631401356408366e-50	8YesLat_UnionPairs	1	0.0	True	1.122103019130185e-47	True	1.0109036208380046e-49	True
9	30677577.0	5.96840153942079e-114	8YesLat_UnionPairs	1	0.0	True	1.844236075681024e-111	True	3.073726792801707e-112	True
10	34728944.5	4.962443258648019e-86	8YesLat_UnionPairs	1	0.0	True	1.533394966922238e-83	True	3.931781966467277e-85	True
11	44488399.0	2.2087795186189377e-35	8YesLat_UnionPairs	1	0.0	True	6.825128712532518e-33	True	4.806428670797548e-35	True
12	55832447.0	4.452834383855762e-05	8YesLat_UnionPairs	1	0.002223990024080913	True	0.013759258246114304	True	5.2920224023516556e-05	True
13	49228638.5	5.153997405912152e-19	8YesLat_UnionPairs	1	0.0	True	1.592585198426855e-16	True	8.002940695612337e-19	True
14	53497228.0	6.7968657281999004e-09	8YesLat_UnionPairs	1	5.369522508846813e-07	True	2.1002315100137693e-06	True	9.091911298760906e-09	True
15	51802108.5	1.1115696455443338e-12	8YesLat_UnionPairs	1	1.000399763029236e-10	True	3.4347502047319915e-10	True	1.5612500930599962e-12	True
16	34714107.0	3.657002771051809e-90	8YesLat_UnionPairs	1	0.0	True	1.130013856255009e-87	True	3.5312933007969025e-89	True
17	30225720.0	3.566945688503006e-117	8YesLat_UnionPairs	1	0.0	True	1.1021862177474289e-114	True	3.6739540591580967e-115	True
18	32410844.0	2.0062942953808802e-101	8YesLat_UnionPairs	1	0.0	True	6.19944937272692e-99	True	4.428178123376371e-100	True
19	35373692.5	5.46429416206363e-82	8YesLat_UnionPairs	1	0.0	True	1.6884668960776614e-79	True	3.9266672001806076e-81	True
20	43150524.5	5.519244374062429e-41	8YesLat_UnionPairs	1	0.0	True	1.7054465115852905e-38	True	1.3535289774486432e-40	True
21	35913340.0	1.169829585501343e-78	8YesLat_UnionPairs	1	0.0	True	3.61477341919915e-76	True	6.95148734461375e-78	True
22	52238843.0	2.0952913541319227e-11	8YesLat_UnionPairs	1	1.8229028286853577e-09	True	6.474450284267641e-09	True	2.9033409346491666e-11	True
23	47407422.0	4.658475022576856e-25	8YesLat_UnionPairs	1	0.0	True	1.4394687819762485e-22	True	7.997048788756936e-25	True
24	53027501.5	9.38997956549398e-10	8YesLat_UnionPairs	1	7.793683021173337e-08	True	2.90150368573764e-07	True	1.278195456272088e-09	True
25	47662168.5	7.263585842092827e-24	8YesLat_UnionPairs	1	0.0	True	2.2444480252066833e-21	True	1.2002395856720232e-23	True
26	55450492.0	1.3532759602825205e-05	8YesLat_UnionPairs	1	0.0007305070129950408	True	0.004181622717272989	True	1.633446373934761e-05	True
27	61045526.5	0.4880881562712905	8YesLat_UnionPairs	0	0.9873241727118018	False	1.0	False	0.4880881562712905	False
28	55342252.0	2.1029644107136227e-07	8YesLat_UnionPairs	1	1.4300057247451647e-05	True	6.498160029105094e-05	True	2.685190094671526e-07	True
29	48890757.5	2.762407441025101e-30	8YesLat_UnionPairs	1	0.0	True	8.535838992767562e-28	True	5.40242974225795e-30	True
30	43648349.5	7.04387312950129e-39	8YesLat_UnionPairs	1	0.0	True	2.1765567970158985e-36	True	1.674274459242999e-38	True
31	49611456.0	6.269749016717147e-18	8YesLat_UnionPairs	1	0.0	True	1.9373524461655986e-15	True	9.54360810919014e-18	True
32	49636630.0	6.698303023409064e-27	8YesLat_UnionPairs	1	0.0	True	2.0697756342334005e-24	True	1.2103951077388309e-26	True
33	59947987.0	0.19660171609444227	8YesLat_UnionPairs	0	0.9625058514364668	False	1.0	False	0.20593196702773783	False
34	38888760.5	7.520742053864605e-67	8YesLat_UnionPairs	1	0.0	True	2.323909294644163e-64	True	3.3679844849915403e-66	True
35	35944899.5	1.3265736357179582e-78	8YesLat_UnionPairs	1	0.0	True	4.099112534368491e-76	True	7.734174593148096e-78	True
36	38400746.0	2.7137586625204077e-64	8YesLat_UnionPairs	1	0.0	True	8.38551426718806e-62	True	1.1331776036740622e-63	True
37	45018861.0	2.7784946955599787e-33	8YesLat_UnionPairs	1	0.0	True	8.585548609280334e-31	True	5.723699072853556e-33	True
38	53987793.0	5.9342485030436265e-08	8YesLat_UnionPairs	1	4.331992153105979e-06	True	1.8336827874404804e-05	True	7.737058174854349e-08	True
39	47099412.5	1.0241856772271033e-25	8YesLat_UnionPairs	1	0.0	True	3.164733742631749e-23	True	1.7779403048492972e-25	True
40	52935034.5	5.322347141848796e-10	8YesLat_UnionPairs	1	4.47077138643337e-08	True	1.644605266831278e-07	True	7.277014455005656e-10	True
41	56183032.5	0.00010442967089420483	8YesLat_UnionPairs	1	0.005000342410234393	True	0.032268768306309294	True	0.0001231632378103408	True
42	34683202.0	1.4262689149959813e-90	8YesLat_UnionPairs	1	0.0	True	4.4071709473375823e-88	True	1.4216680475282524e-89	True
43	31427474.5	2.090453541033743e-108	8YesLat_UnionPairs	1	0.0	True	6.459501441794267e-106	True	6.459501441794267e-107	True
44	35080533.0	8.216989573601346e-84	8YesLat_UnionPairs	1	0.0	True	2.5390497782428157e-81	True	6.1928043371776e-83	True
45	36499435.0	3.7162014599768646e-75	8YesLat_UnionPairs	1	0.0	True	1.148306251132851e-72	True	2.0505468770229483e-74	True
46	41802242.0	4.6477529943487475e-47	8YesLat_UnionPairs	1	0.0	True	1.436155675253763e-44	True	1.2274834831228743e-46	True
47	38881377.0	1.1102956639003319e-61	8YesLat_UnionPairs	1	0.0	True	3.4308136014520254e-59	True	4.3428020271544626e-61	True
48	54834414.0	1.5671613463757175e-06	8YesLat_UnionPairs	1	9.08912984485255e-05	True	0.0004842528560300967	True	1.921638317579749e-06	True
49	46854406.0	5.633248282812036e-27	8YesLat_UnionPairs	1	0.0	True	1.7406737193889192e-24	True	1.0239257172875995e-26	True
50	52430200.5	5.471856013791512e-11	8YesLat_UnionPairs	1	4.705796419202102e-09	True	1.690803508261577e-08	True	7.548229947596326e-11	True
51	50671628.5	4.1976319184906306e-15	8YesLat_UnionPairs	1	4.218847493575595e-13	True	1.297068262813605e-12	True	6.176515537207642e-15	True
52	58374027.5	0.021728453461146147	8YesLat_UnionPairs	1	0.43254043543214526	False	1.0	False	0.023558217963137403	True
1	40884341.0	1.304673058939139e-51	8NoLat_UnionPairs	1	0.0	True	4.03143975212194e-49	True	3.803245049171641e-51	True
2	41823286.5	3.5224549184095342e-47	8NoLat_UnionPairs	1	0.0	True	1.0884385697885461e-44	True	9.383091118866776e-47	True
3	54497811.0	4.4999366518888695e-07	8NoLat_UnionPairs	1	2.9249167055045433e-05	True	0.00013904804254336606	True	5.675430307892492e-07	True
4	47777386.5	5.1250115366283255e-25	8NoLat_UnionPairs	1	0.0	True	1.5836285648181525e-22	True	8.749329087393108e-25	True
5	37906351.5	4.614054280912965e-67	8NoLat_UnionPairs	1	0.0	True	1.4257427728021063e-64	True	2.0966805482383914e-66	True
6	44812279.5	1.5593179111958743e-34	8NoLat_UnionPairs	1	0.0	True	4.8182923455952515e-32	True	3.322960238341553e-34	True
7	38801508.0	4.051087327545094e-62	8NoLat_UnionPairs	1	0.0	True	1.251785984211434e-59	True	1.6256960833914727e-61	True
8	60715119.0	0.3913176793875043	8NoLat_UnionPairs	0	0.9873241727118018	False	1.0	False	0.40023997974348874	False
9	60589654.0	0.09934441564393354	8NoLat_UnionPairs	0	0.8289619353982328	False	1.0	False	0.1044130082788281	False
10	42858443.0	2.510166060508095e-44	8NoLat_UnionPairs	1	0.0	True	7.756413126970014e-42	True	6.463677605808345e-44	True
11	36214902.5	5.321689180989268e-77	8NoLat_UnionPairs	1	0.0	True	1.6444019569256839e-74	True	3.0451888091216365e-76	True
12	39603607.5	5.131384939310201e-58	8NoLat_UnionPairs	1	0.0	True	1.5855979462468521e-55	True	1.7815707261200584e-57	True
13	34142779.5	6.346504580265661e-90	8NoLat_UnionPairs	1	0.0	True	1.9610699153020894e-87	True	5.942636106976029e-89	True
14	39685187.0	1.895386696694335e-57	8NoLat_UnionPairs	1	0.0	True	5.856744892785495e-55	True	6.43598339866538e-57	True
15	46747425.0	6.750759309367535e-27	8NoLat_UnionPairs	1	0.0	True	2.085984626594568e-24	True	1.2127817596480047e-26	True
16	61078342.0	0.3924683296513822	8NoLat_UnionPairs	0	0.9873241727118018	False	1.0	False	0.40023997974348874	False
17	60208238.5	0.0012325663368297909	8NoLat_UnionPairs	1	0.04342851470860931	True	0.38086299808040536	False	0.0013900109418992898	True
18	58698595.5	0.0068736373257013384	8NoLat_UnionPairs	1	0.18691619009774296	False	1.0	False	0.00758554976300612	True
19	49165173.0	2.217036933942284e-24	8NoLat_UnionPairs	1	0.0	True	6.850644125881658e-22	True	3.723176155370466e-24	True
20	47652031.5	2.195822162435951e-28	8NoLat_UnionPairs	1	0.0	True	6.785090481927088e-26	True	4.112176049652781e-28	True
21	40583912.0	2.227181516344839e-53	8NoLat_UnionPairs	1	0.0	True	6.881990885505552e-51	True	6.8819908855055525e-53	True
22	40228189.5	3.906026515909163e-55	8NoLat_UnionPairs	1	0.0	True	1.2069621934159314e-52	True	1.2191537307231629e-54	True
23	41983525.0	1.4556964224248345e-50	8NoLat_UnionPairs	1	0.0	True	4.498101945292739e-48	True	4.0891835866297627e-50	True
24	46962690.0	2.5062507584580625e-26	8NoLat_UnionPairs	1	0.0	True	7.744314843635414e-24	True	4.400178888429212e-26	True
25	44552969.0	3.3421579716391755e-35	8NoLat_UnionPairs	1	0.0	True	1.0327268132365052e-32	True	7.221865826828708e-35	True
26	52105360.5	1.1232959469627713e-11	8NoLat_UnionPairs	1	9.88505277632612e-10	True	3.4709844761149635e-09	True	1.563506520772506e-11	True
27	35450885.5	7.834209087809912e-82	8NoLat_UnionPairs	1	0.0	True	2.4207706081332626e-79	True	5.37949024029614e-81	True
28	40580508.5	3.387965367521225e-53	8NoLat_UnionPairs	1	0.0	True	1.0468812985640585e-50	True	1.036516137192137e-52	True
29	56214492.5	0.00014053253967420709	8NoLat_UnionPairs	1	0.006436250909640062	True	0.04342455475932999	True	0.00016386624437483014	True
30	44615187.0	2.1356852758175194e-37	8NoLat_UnionPairs	1	0.0	True	6.599267502276135e-35	True	4.9248264942359216e-37	True
31	33353012.0	4.63940803732046e-95	8NoLat_UnionPairs	1	0.0	True	1.433577083532022e-92	True	5.734308334128088e-94	True
32	43750092.0	6.223327177207495e-39	8NoLat_UnionPairs	1	0.0	True	1.9230080977571162e-36	True	1.4907039517497024e-38	True
33	39413959.5	7.23984639739593e-59	8NoLat_UnionPairs	1	0.0	True	2.2371125367953424e-56	True	2.6012936474364445e-58	True
34	60464688.5	0.3217640413541558	8NoLat_UnionPairs	0	0.986164975197447	False	1.0	False	0.3314169625947805	False
35	59934197.0	0.001961885927071405	8NoLat_UnionPairs	1	0.0645893424370777	False	0.6062227514650641	False	0.002196459244438638	True
36	40657651.0	2.4103543795130654e-55	8NoLat_UnionPairs	1	0.0	True	7.447995032695372e-53	True	7.599994931321808e-55	True
37	34201884.5	1.3262960732026429e-89	8NoLat_UnionPairs	1	0.0	True	4.098254866196166e-87	True	1.2053690782929901e-88	True
38	39379397.5	3.4146710789464025e-59	8NoLat_UnionPairs	1	0.0	True	1.0551333633944383e-56	True	1.2413333686993393e-58	True
39	31486006.0	4.435008414134035e-108	8NoLat_UnionPairs	1	0.0	True	1.3704175999674168e-105	True	1.2458341817885607e-106	True
40	40714018.0	2.95095250043334e-52	8NoLat_UnionPairs	1	0.0	True	9.118443226339021e-50	True	8.852857501300021e-52	True
41	44113492.0	6.797222517035399e-37	8NoLat_UnionPairs	1	0.0	True	2.1003417577639383e-34	True	1.53309617355032e-36	True
42	61079726.0	0.4042108040312607	8NoLat_UnionPairs	0	0.9873241727118018	False	1.0	False	0.40951192933003133	False
43	60245999.0	0.002361226677607213	8NoLat_UnionPairs	1	0.07504724586857903	False	0.7296190433806289	False	0.0026340037667170716	True
44	55694074.5	1.551772402661827e-08	8NoLat_UnionPairs	1	1.163828631356445e-06	True	4.794976724225045e-06	True	2.0404156273298068e-08	True
45	48271877.0	5.4813019297654205e-28	8NoLat_UnionPairs	1	0.0	True	1.693722296297515e-25	True	1.0142049678428234e-27	True
46	48040758.0	8.887038418268714e-27	8NoLat_UnionPairs	1	0.0	True	2.7460948712450324e-24	True	1.5873380758641807e-26	True
47	37624779.0	3.0086728204934545e-69	8NoLat_UnionPairs	1	0.0	True	9.296799015324774e-67	True	1.4086059114128447e-68	True
48	36441883.0	3.7696524670948687e-76	8NoLat_UnionPairs	1	0.0	True	1.1648226123323144e-73	True	2.1178592951496626e-75	True
49	40382322.0	2.8919252877052694e-59	8NoLat_UnionPairs	1	0.0	True	8.936049139009283e-57	True	1.0638153736915812e-58	True
50	47680104.5	6.548179362836629e-24	8NoLat_UnionPairs	1	0.0	True	2.023387423116518e-21	True	1.0878427006002787e-23	True
51	46024649.0	1.4998695856825391e-29	8NoLat_UnionPairs	1	0.0	True	4.6345970197590456e-27	True	2.8433110550668995e-29	True
52	50412406.0	9.27991808654028e-16	8NoLat_UnionPairs	1	9.059419880941277e-14	True	2.867494688740946e-13	True	1.3786032157408396e-15	True
1	54713082.0	9.11150090588348e-07	8YesLat_SumPairs	1	5.5578636297792805e-05	True	0.00028154537799179955	True	1.1307043292843356e-06	True
2	54189576.0	9.635144278746171e-09	8YesLat_SumPairs	1	7.419058346558316e-07	True	2.977259582132567e-06	True	1.277793812074063e-08	True
3	40485196.5	1.7179533316916018e-71	8YesLat_SumPairs	1	0.0	True	5.30847579492705e-69	True	8.294493429573515e-71	True
4	43131196.5	4.661298518040895e-41	8YesLat_SumPairs	1	0.0	True	1.4403412420746364e-38	True	1.152272993659709e-40	True
5	50943873.5	2.1605560943102552e-14	8YesLat_SumPairs	1	2.0676793610618915e-12	True	6.676118331418689e-12	True	3.105171316938925e-14	True
6	48422892.0	1.89383114243992e-27	8YesLat_SumPairs	1	0.0	True	5.851938230139352e-25	True	3.4832965655591385e-27	True
7	60045945.5	0.2190194078790279	8YesLat_SumPairs	0	0.9685975609658389	False	1.0	False	0.22863850349533657	False
8	32511813.5	1.423141741059842e-104	8YesLat_SumPairs	1	0.0	True	4.397507979874912e-102	True	3.6645899832290937e-103	True
9	32674504.0	1.2320422006142538e-99	8YesLat_SumPairs	1	0.0	True	3.8070103998980445e-97	True	2.1150057777211358e-98	True
10	36738490.5	1.0133670966326879e-73	8YesLat_SumPairs	1	0.0	True	3.1313043285950056e-71	True	5.3988005665431136e-73	True
11	45892062.5	5.797686373432068e-30	8YesLat_SumPairs	1	0.0	True	1.791485089390509e-27	True	1.1127236580065273e-29	True
12	56845241.5	0.0007938635858472068	8YesLat_SumPairs	1	0.03126787926124053	True	0.2453038480267869	False	0.0009085327704695811	True
13	49739253.5	1.4868365352086624e-17	8YesLat_SumPairs	1	0.0	True	4.594324893794767e-15	True	2.2521200459778266e-17	True
14	54824519.0	1.5218274265978157e-06	8YesLat_SumPairs	1	8.978385568048086e-05	True	0.000470244674818725	True	1.8734847602339644e-06	True
15	48740412.5	1.2112508084160554e-20	8YesLat_SumPairs	1	0.0	True	3.742764998005611e-18	True	1.919366665643903e-20	True
16	34121720.5	1.2218486054220658e-91	8YesLat_SumPairs	1	0.0	True	3.775512190754183e-89	True	1.301900755432477e-90	True
17	30264130.0	7.987351985484243e-117	8YesLat_SumPairs	1	0.0	True	2.4680917635146312e-114	True	6.170229408786577e-115	True
18	33266048.5	1.405201637511425e-95	8YesLat_SumPairs	1	0.0	True	4.342073059910304e-93	True	1.8878578521349144e-94	True
19	35865220.0	6.006315109929071e-79	8YesLat_SumPairs	1	0.0	True	1.855951368968083e-76	True	3.6391203313099664e-78	True
20	43032204.0	1.7553885443906522e-41	8YesLat_SumPairs	1	0.0	True	5.424150602167115e-39	True	4.3743150017476736e-41	True
21	36902542.0	9.293680321570807e-73	8YesLat_SumPairs	1	0.0	True	2.8717472193653794e-70	True	4.707782326828491e-72	True
22	56208008.5	0.00014036086323907806	8YesLat_SumPairs	1	0.006436250909640062	True	0.04337150674087512	True	0.00016386624437483014	True
23	47860348.0	2.7237051871910404e-23	8YesLat_SumPairs	1	0.0	True	8.416249028420314e-21	True	4.4530418139790027e-23	True
24	54880737.0	1.91145894307059e-06	8YesLat_SumPairs	1	0.00010894732869048962	True	0.0005906408134088123	True	2.334548669600049e-06	True
25	50766083.5	7.624958977686361e-15	8YesLat_SumPairs	1	7.507328092515309e-13	True	2.3561123241050854e-12	True	1.1113737377854177e-14	True
26	53607547.5	1.2934454160805009e-08	8YesLat_SumPairs	1	9.830180404124533e-07	True	3.996746335688748e-06	True	1.7080112545678408e-08	True
1	39429745.0	7.742556711311719e-59	8NoLat_SumPairs	1	0.0	True	2.3924500237953213e-56	True	2.749942556086576e-58	True
2	41366768.5	3.657896699398917e-49	8NoLat_SumPairs	1	0.0	True	1.1302900801142652e-46	True	1.0002567080657214e-48	True
3	50674092.0	4.4377728788102035e-15	8NoLat_SumPairs	1	4.39648317751562e-13	True	1.3712718195523528e-12	True	6.498918576077502e-15	True
4	47096138.5	1.6276659884955513e-26	8NoLat_SumPairs	1	0.0	True	5.029487904451253e-24	True	2.8905102899145134e-26	True
5	35739327.0	1.0055321620394475e-79	8NoLat_SumPairs	1	0.0	True	3.107094380701893e-77	True	6.473113293128944e-79	True
6	44773737.0	2.179302857253068e-34	8NoLat_SumPairs	1	0.0	True	6.734045828911979e-32	True	4.58098355708298e-34	True
7	38975047.0	3.551730903132763e-61	8NoLat_SumPairs	1	0.0	True	1.0974848490680238e-58	True	1.37185606133503e-60	True
8	57856795.5	0.008092627141194948	8NoLat_SumPairs	1	0.20993570878213286	False	1.0	False	0.008899009916830031	True
9	60485631.0	0.09329793771817002	8NoLat_SumPairs	0	0.8284610041432112	False	1.0	False	0.0987296669688854	False
10	43974359.5	2.2753488500136e-38	8NoLat_SumPairs	1	0.0	True	7.030827946542023e-36	True	5.367044234001545e-38	True
11	35804047.0	2.305136859105409e-79	8NoLat_SumPairs	1	0.0	True	7.122872894635714e-77	True	1.4536475295174924e-78	True
12	39682829.5	1.6951877238221587e-57	8NoLat_SumPairs	1	0.0	True	5.23813006661047e-55	True	5.820144518456079e-57	True
13	32569755.0	2.3890280720478855e-100	8NoLat_SumPairs	1	0.0	True	7.382096742627966e-98	True	4.613810464142478e-99	True
14	39980440.5	6.325644633125607e-56	8NoLat_SumPairs	1	0.0	True	1.9546241916358125e-53	True	2.1017464426191534e-55	True
15	45817361.0	3.0921481983866322e-30	8NoLat_SumPairs	1	0.0	True	9.554737933014694e-28	True	6.009269140260813e-30	True
16	61077304.0	0.3845119995431642	8NoLat_SumPairs	0	0.9873241727118018	False	1.0	False	0.3947315875708895	False
17	60022329.0	0.0008427263197939572	8NoLat_SumPairs	1	0.031529350110623744	True	0.2604024328163328	False	0.0009573618853541647	True
18	59715794.5	0.09866173206286116	8NoLat_SumPairs	0	0.8289619353982328	False	1.0	False	0.10404940343830751	False
19	50751097.5	2.587026166803859e-17	8NoLat_SumPairs	1	0.0	True	7.993910855423924e-15	True	3.8805392502057885e-17	True
20	49052959.5	1.8781670181416988e-21	8NoLat_SumPairs	1	0.0	True	5.803536086057849e-19	True	3.038500568616675e-21	True
21	40976050.0	4.0276399215600836e-51	8NoLat_SumPairs	1	0.0	True	1.2445407357620659e-48	True	1.1631221829552018e-50	True
22	38700366.0	7.980759982187652e-63	8NoLat_SumPairs	1	0.0	True	2.4660548344959844e-60	True	3.2448089927578746e-62	True
23	41501598.5	8.731762083029527e-51	8NoLat_SumPairs	1	0.0	True	2.698114483656124e-48	True	2.4753343886753433e-50	True
24	48657760.0	1.0036162500630823e-20	8NoLat_SumPairs	1	0.0	True	3.101174212694924e-18	True	1.598543408605631e-20	True
25	46340607.0	2.3160101471543234e-28	8NoLat_SumPairs	1	0.0	True	7.156471354706859e-26	True	4.3111273221125665e-28	True
26	53280294.5	3.102324093391403e-09	8NoLat_SumPairs	1	2.543905412988323e-07	True	9.586181448579436e-07	True	4.20446554762256e-09	True
